-- phpMyAdmin SQL Dump
-- version 3.3.9
-- http://www.phpmyadmin.net
--
-- Host: localhost
-- Generation Time: May 31, 2013 at 02:15 PM
-- Server version: 5.5.8
-- PHP Version: 5.3.5

SET SQL_MODE="NO_AUTO_VALUE_ON_ZERO";


/*!40101 SET @OLD_CHARACTER_SET_CLIENT=@@CHARACTER_SET_CLIENT */;
/*!40101 SET @OLD_CHARACTER_SET_RESULTS=@@CHARACTER_SET_RESULTS */;
/*!40101 SET @OLD_COLLATION_CONNECTION=@@COLLATION_CONNECTION */;
/*!40101 SET NAMES utf8 */;

--
-- Database: `bonchoix`
--

-- --------------------------------------------------------

--
-- Table structure for table `admin`
--

CREATE TABLE IF NOT EXISTS `admin` (
  `id_admin` int(11) NOT NULL AUTO_INCREMENT,
  `login_admin` varchar(30) NOT NULL,
  `mdp_admin` varchar(255) NOT NULL,
  PRIMARY KEY (`id_admin`),
  UNIQUE KEY `login_admin` (`login_admin`)
) ENGINE=InnoDB  DEFAULT CHARSET=latin1 AUTO_INCREMENT=2 ;

--
-- Dumping data for table `admin`
--

INSERT INTO `admin` (`id_admin`, `login_admin`, `mdp_admin`) VALUES
(1, 'admin', '90b9aa7e25f80cf4f64e990b78a9fc5ebd6cecad');

-- --------------------------------------------------------

--
-- Table structure for table `article`
--

CREATE TABLE IF NOT EXISTS `article` (
  `code_art` varchar(10) NOT NULL,
  `design_courte_art` varchar(300) NOT NULL,
  `design_long_art` varchar(500) NOT NULL,
  `prix_art` varchar(20) NOT NULL,
  `code_sous_famill_art` varchar(10) NOT NULL,
  `code_famill_art` varchar(10) NOT NULL,
  `fav_art` tinyint(2) NOT NULL,
  PRIMARY KEY (`code_art`),
  KEY `code_sous_famill_art` (`code_sous_famill_art`),
  KEY `code_famill_art` (`code_famill_art`)
) ENGINE=InnoDB DEFAULT CHARSET=latin1;

--
-- Dumping data for table `article`
--

INSERT INTO `article` (`code_art`, `design_courte_art`, `design_long_art`, `prix_art`, `code_sous_famill_art`, `code_famill_art`, `fav_art`) VALUES
('0001', 'ALLIANCE OR 375 JAUNE DIAMANT', 'ALLIANCE or 375, serti rail, 13 diamants total 5/100e de carat.', '360.999', '01', '002', 0),
('0002', 'ALLIANCE DEMI-TOUR PLATINE 950 ', 'Elégante et raffinée cette alliance demi-tour en platine, met en lumière en serti griffes de magnifiques diamants de qualité tradition. Un cadeau unique à offrir.', '2500.999', '01', '002', 0),
('0004', 'ALLIANCE OR 375 BLANC DIAMANT', 'ALLIANCE or blanc 375. 14 diamants total 10/100e de carat.', '920.999', '01', '002', 0),
('0005', 'ALLIANCE PALLADIUM 950 DIAMANT', 'ALLIANCE. Ruban en palladium. 3 diamants. Largeur 3,5 mm. ', '780.999', '01', '002', 1),
('0006', 'ALLIANCE OR 2 TONS 375', 'Avec sa forme ronde symbole de l''infinité de vos sentiments, votre anneau en Or vous accompagnera longtemps. Laissez-vous donc séduire par ce modèle en Or jaune et Or rhodié.', '270.999', '01', '002', 0),
('0007', 'ALLIANCE OR 750 BLANC', 'Cette alliance en or blanc diamanté vous illuminera de l''éclat unique créé par ses facettes. Vous serez touché en plein coeur par ses 2 anneaux mobiles qui célèbreront à merveille votre union.', '980.999', '01', '002', 0),
('0008', 'ALLIANCE DEMI-TOUR OR 750 JAUNE', 'ALLIANCE DIAMANTS demi-tour or 750, qualité Séductions, serti griffe, total  25/100e de carat.', '1450.999', '01', '002', 0),
('0009', 'ALLIANCE PLATINE 950 ET OR 750 ', 'Sobre et élégante, cette alliance marie avec talent l''or et le platine. Une association d''un éclat incomparable pour que ce jour reste unique.', '1300.999', '01', '002', 0),
('0010', 'ALLIANCE OR 750 BLANC DUO DIAMA', 'Duo diamants. SOLITAIRE et ALLIANCE demi-tour en or blanc 750. 1 diamant 24/100e de carat, et 5 diamants total 10/100e, qualité Séduction. ', '2800.999', '01', '002', 0),
('0011', 'BAGUE ACIER CÉRAMIQUE', 'BAGUE anneaux entrelacés en acier et céramique facettée noire.', '150.999', '02', '002', 0),
('0012', 'BAGUE 2 ORS 375 DIAMANT', 'BAGUE en 2 ors 375 (or blanc, or rose). 6 diamants total 4/100e de carat.', '490.999', '02', '002', 0),
('0013', 'BAGUE OR 375 ROSE QUARTZ ROSE E', 'BAGUE en or rose 375. 1 quartz rose 2,80 carats, et 1 améthyste 50/100e de carat.', '540.999', '02', '002', 0),
('0014', 'LOT 3 BAGUES PLAQUÉ OR ET ARGEN', 'LOT de 3 BAGUES plaqué or et argent à porter ensemble ou séparément, motif coeur, fleur, étoile.', '160.999', '02', '002', 0),
('0015', 'BAGUE OR 375 BLANC ZIRCONIA', 'Du plus bel effet à votre doigt, le zirconia de ce charmant solitaire en or blanc allie simplicité et raffinement. Un véritable atout charme.', '200.999', '02', '002', 0),
('0016', 'BAGUE PLAQUÉ OR ROSE ZIRCONIA', 'BAGUE en plaqué or rose rehaussée d''un motif coeur serti de zirconias. ', '90.999', '02', '002', 0),
('0017', 'BAGUE ARGENT 925 CÉRAMIQUE DIAM', 'BAGUE ARGENT 925 CÉRAMIQUE DIAMANT\r\nBAGUE composée de 3 anneaux en céramique noire facettée reliés par une barrette sertie de 3 diamants.', '230.001', '02', '002', 0),
('0018', 'BAGUE OR 375 BLANC TOPAZE BLEUE', 'BAGUE en or blanc 375. 1 topaze bleue traitée 60/100e de carat, et céramique noire. ', '340.001', '02', '002', 0),
('00184', 'ca', 'cava', '154.36', '023', '001', 0),
('0019', 'BAGUE OR 750 JAUNE TOPAZE BLEUE', 'BAGUE or. 1 topaze bleue traitée 5 carats, briolette.', '1100.001', '02', '002', 0),
('0020', 'BOUCLES D''OREILLES ACIER CÉRA', 'BOUCLES D''OREILLES ACIER CÉRAMIQUE', '110.001', '03', '002', 0),
('0021', 'BOUCLES D''OREILLES ARGENT ZIRCO', 'Sertis de zirconias, ces clous d''oreilles en argent 925 présentent un design à la fois minimaliste et raffiné. Un classique au charme indémodable, à porter en toutes occasions . ', '20.999', '03', '002', 0),
('0022', 'BOUCLES D''OREILLES PLAQUÉ OR ', 'Boucles d''oreilles plaqué or rose zirconia. ', '120.002', '03', '002', 0),
('0023', 'BOUCLES D''OREILLES ARGENT 925', 'BOUCLES D''OREILLES : pendants en argent 925 agrémentés de volutes serties de zirconias.', '220.001', '03', '002', 0),
('0024', 'BOUCLES D''OREILLES ARGENT 925', 'BOUCLES D''OREILLES : pendants en argent 925 (système crochet) composés de multichaînes.', '170.001', '03', '002', 0),
('0025', 'CRÉOLES ARGENT 925', 'CREOLES en argent 925. ', '110.001', '03', '002', 1),
('0026', 'BOUCLES D''OREILLES ARGENT 925 Z', 'Boucles d''oreilles argent 925 zirconia.', '130.001', '03', '002', 0),
('0027', 'BOUCLES D''OREILLES PLAQUÉ OR', 'BOUCLES D''OREILLES : clous, forme demi-boule polie.', '60.001', '03', '002', 0),
('0028', 'BOUCLES D''OREILLES ARGENT 925 D', 'BOUCLES D''OREILLES : pendants en argent 925 agrémentés de motifs sertis de diamants. ', '115.001', '03', '002', 1),
('0029', 'BOUCLES D''OREILLES ARGENT 925 Z', 'Boucles d''oreilles argent 925 zirconia. ', '140.001', '03', '002', 0),
('0030', 'BRACELET ACIER CÉRAMIQUE', 'BRACELET rigide anneaux entrelacés en acier et céramique facettée noire', '200.999', '04', '002', 0),
('0031', 'BRACELET PLAQUÉ OR CRISTAL PE', 'BRACELET cordon marron multirangs agrémenté de perles imitation rosées et couleur chocolat et d''une pierre en cristal blanc irisé. Long.', '50.001', '04', '002', 0),
('0032', 'BRACELET PERLE DE CULTURE DE ', 'Bracelet perle de culture de tahiti cordon coton noir.', '99.001', '04', '002', 0),
('0033', 'BRACELET OR 750 TOPAZE BLEUE TR', 'Laissez-vous transporter par le charme et l''élégance de ce bracelet en or rehaussé de topazes. Un bijou raffiné et terriblement féminin.', '799.999', '04', '002', 0),
('0034', 'BRACELET ARGENT 925 NACRE COR', 'BRACELET cordon noir agrémenté d''une fleur en nacre et de boules polies. ', '70.999', '04', '002', 0),
('0035', 'BRACELET OR 750 BLANC PERLES DE', 'Sobre et élégant, ce bracelet marie avec légèreté diamants noirs et perle de culture de Tahiti. Une association magique qui met en évidence toute la beauté de la « reine des perles »', '840.999', '04', '002', 0),
('0036', 'BRACELET PLAQUÉ OR PERLE IMITAT', 'BRACELET cordon rose agrémenté d''une pierre en cristal rosé et de perles imitation couleur chocolat sur une chaînette en plaqué or.', '89.001', '04', '002', 0),
('0037', 'BRACELET PLAQUÉ OR CORDON COTON', 'Bracelet plaqué or cordon noir.', '84.001', '04', '002', 0),
('0038', 'BRACELET ARGENT 925 CORDON CO', 'BRACELET cordon bleu turquoise rehaussé d''un motif papillon. ', '70.999', '04', '002', 0),
('0039', 'BRACELET CORDON CUIR ACIER', 'Avec son triple rang de cuir marron et son fermoir en boule aimanté, ce bracelet réinvente la tendance. Un bijou novateur. ', '72.999', '04', '002', 0),
('0040', 'CHAÎNE MAILLE FORÇAT OR 750 JAU', 'CHAINE forçat massive or 750 jaune. ', '395.999', '05', '002', 0),
('0041', 'CHAINE MAILLE FORÇAT OR 750 BLA', 'CHAINE en or blanc 750 massif, maille forçat.', '309.999', '05', '002', 0),
('0042', 'CHAÎNE MAILLE CHEVAL OR 750 JAU', 'CHAINE maille cheval or 750 massif. ', '445.999', '05', '002', 0),
('0043', 'CHAINE MAILLE FORCAT OR 375 JAU', 'Avec une chaîne, n''importe quel pendentif peut être mis en valeur et rehausser votre allure. Laissez-vous donc séduire par cette chaîne en Or maille forçat massive.', '170.999', '05', '002', 0),
('0044', 'CHAINE MAILLE SERPENT PLAQUÉ OR', 'CHAINE en plaqué or maille serpent. \r\nFermoir mousqueton.', '178.999', '05', '002', 0),
('0045', 'CHAÎNE MAILLE VÉNITIENNE OR 750', 'CHAINE en or blanc 750 massif, maille vénitienne.', '295.999', '05', '002', 0),
('0046', 'CHAÎNE MAILLE TORSADÉE OR 750 J', 'CHAINE torsadée en or jaune 750. ', '275.999', '05', '002', 0),
('0047', 'CHAINE MAILLE FORCAT ARGENT 925', 'CHAINE maille forçat. ', '70.999', '05', '002', 0),
('0048', 'CHAINE MAILLE JASERON ARGENT 92', 'L''enchevêtrement de petits anneaux constitue cette jolie maille de type jaseron. Cette chaîne en argent de 50 cm s''accorde avec tout style. ', '89.999', '05', '002', 0),
('0049', 'CHAINE TORSADÉE ARGENT 925 45 C', 'CHAINE en argent 925 maille torsadée. ', '88.999', '05', '002', 0),
('0050', 'COLLIER ARGENT 925 ZIRCONIA', 'Collier argent 925 zirconia.', '199.999', '06', '002', 0),
('0051', 'COLLIER OR 750 JAUNE PERLES DE ', 'COLLIER en or jaune 750. Perles de culture de Tahiti cerclées diamètre 8 mm, alternées de motifs tubes en nacre. ', '1999.999', '06', '002', 0),
('0052', 'COLLIER ARGENT 925 ZIRCONIA', 'COLLIER en argent 925 composé d''un motif ouvragé serti de zirconias. \r\nFermoir mousqueton.', '229.999', '06', '002', 0),
('0053', 'COLLIER PLAQUÉ OR ROSE', 'COLLIER en plaqué or rose rehaussé d''un motif papillon et croix. ', '199.999', '06', '002', 1),
('0054', 'COLLIER OR 375 JAUNE ZIRCONIA', 'Un design frais et pétillant pour ce collier en or.', '170.001', '06', '002', 0),
('0055', 'COLLIER OR 750 BLANC PERLES DE ', 'COLLIER. Perles de culture de Tahiti cerclées diamètre 8/10 mm. ', '2490.999', '06', '002', 0),
('0056', 'COLLIER OR 375 JAUNE MAILLE ANG', 'Collier or 375 jaune maille anglaise. ', '675.001', '06', '002', 0),
('0057', 'COLLIER ARGENT 925 ZIRCONIA', 'Collier argent 925 zirconia.', '199.999', '06', '002', 0),
('0058', 'COLLIER ARGENT 925', 'Maille serpent, noeud marin et jolies pampilles font tout le charme et le chic de ce collier en argent. ', '260.999', '06', '002', 0),
('0059', 'COLLIER ARGENT 925 ZIRCONIA', 'Ce magnifique collier en argent est un véritable classique.', '99.999', '06', '002', 0),
('0060', 'PENDENTIF OR 375 BLANC DIAMAN', 'PENDENTIF or blanc 375. 3 diamants. Bélière invisible.', '199.999', '07', '002', 0),
('0061', 'PENDENTIF OR 375 JAUNE', 'PENDENTIF disque en or 375. Gravure possible recto/verso. ', '250.999', '07', '002', 0),
('0062', 'PENDENTIF OR 750 BLANC DIAMANT', 'La plus précieuse des pierres s''invite à votre cou. Un design simple et raffiné pour ce pendentif en or serti d''un diamant. ', '269.999', '07', '002', 0),
('0063', 'PENDENTIF OR 750 2 TONS DIAMANT', 'Charmant et romantique, ce pendentif coeur en or révèle avec délicatesse un diamant.', '169.999', '07', '002', 0),
('0064', 'PENDENTIF OR 750 BLANC DIAMANT', 'Soigneusement serti en demi-clos, ce diamant sélectionné pour sa belle qualité et son éclat, illumine ce pendentif or avec brio.', '749.999', '07', '002', 0),
('0065', 'PENDENTIF OR 375 BLANC DIAMANT', 'Pendentif or 375 blanc diamant. ', '230.999', '07', '002', 0),
('0066', 'MÉDAILLE OR 750 JAUNE DIAMANT', 'MEDAILLE en or jaune 750 poli rehaussée d''un diamant. ', '310.999', '07', '002', 0),
('0067', 'PENDENTIF ARGENT 925', 'PENDENTIF en argent 925, motif pliage.', '50.999', '07', '002', 1),
('0068', 'PENDENTIF ARGENT 925 CRISTAL', 'PENDENTIF en argent 925 rehaussé d''un coeur en cristal irisé facetté.', '69.999', '07', '002', 0),
('0069', 'PENDENTIF ARGENT 925 LABRADOR', 'Redoublez d''élégance et de féminité avec ce magnifique pendentif en Argent 925. ', '179.999', '07', '002', 0),
('0070', 'MONTRE FEMME BRACELET CUIR', 'Redoublez d''élégance et de féminité avec cette jolie montre chromée sur bracelet en cuir violet.', '119.999', '08', '002', 0),
('0071', 'MONTRE FEMME BRACELET CHROMÉ', 'Montre femme bracelet chromé. ', '169.999', '08', '002', 0),
('0072', 'MONTRE FEMME BRACELET CAOUTCH', 'Montre femme bracelet caoutchouc.', '110.999', '08', '002', 0),
('0073', 'MONTRE FEMME BRACELET MÉTAL C', 'MONTRE et bracelet bicolores. Cadran nacre.\r\nIndiquez votre tour de poignet.  ', '209.999', '08', '002', 0),
('0074', 'MONTRE FEMME BRACELET ACIER B', 'MONTRE et bracelet extensible acier bicolore. Cadran blanc très lisible.', '139.999', '08', '002', 0),
('0075', 'MONTRE FEMME BRACELET CUIR', 'Adoptez un style graphique, choisissez cette montre au cadran XXL et bracelet fin.', '169.999', '08', '002', 0),
('0076', 'MONTRE STAY ORIGINAL FEMME ', 'MONTRE et bracelet acier, céramique couleur bleu marine, dateur, cadran bleu marine, chiffres (12 et 6) rehaussés de pierres imitation.', '399.999', '08', '002', 0),
('0077', 'MONTRE FEMME BRACELET CUIR', 'Montre femme bracelet cuir.', '139.999', '08', '002', 0),
('0078', 'MONTRE FEMME BRACELET CHROMÉ', 'Montre femme bracelet chromé.', '170.999', '08', '002', 0),
('0079', 'MONTRE FEMME BRACELET CUIR', 'Montre femme bracelet cuir.', '140.999', '08', '002', 0),
('0080', ' ALLIANCE OR 375 JAUNE', 'ALLIANCE or 375. ', '160.001', '01', '002', 0),
('0081', 'ALLIANCE OR 750 BLANC', 'Une ligne épurée pour aller à l''essentiel...cette alliance ruban en or blanc vous offre des proportions idéales pour symboliser votre union en toute élégance. ', '459.999', '09', '003', 0),
('0082', 'ALLIANCE OR 750 JAUNE', 'Une ligne épurée pour aller à l''essentiel...cette alliance ruban en or jaune symbolisera à merveille votre union exceptionnelle.', '485.999', '09', '003', 0),
('0083', 'ALLIANCE PALLADIUM 950', 'ALLIANCE. Ruban brossé en palladium.', '599.999', '09', '003', 0),
('0084', 'ALLIANCE 2 ORS 750', 'Parez-vous de lumière en version 2 ors avec cette sublime alliance. Sa ligne contemporaine en fait un bijou d''élégance. ', '1099.999', '09', '003', 0),
('0085', 'ALLIANCE OR 750 BLANC', 'Une ligne épurée pour aller à l''essentiel...cette alliance ruban en or blanc symbolisera à merveille votre union exceptionnelle.', '499.999', '09', '003', 0),
('0086', 'ALLIANCE PALLADIUM 950', 'MATY a créé pour vous une collection d''alliance dans un métal rare et contemporain, le palladium.', '515.999', '09', '003', 0),
('0087', 'ALLIANCE OR 750 JAUNE', 'Une ligne épurée pour aller à l''essentiel...cette large alliance ruban en or jaune symbolisera à merveille votre union exceptionnelle.', '549.999', '09', '003', 0),
('0088', 'ALLIANCE OR 375 JAUNE', 'ALLIANCE OR 375 JAUNE', '359.999', '09', '003', 0),
('0089', 'ALLIANCE 3 ORS 750', 'Avec sa forme ronde symbole de l''infinité de vos sentiments, votre anneau en Or vous accompagnera longtemps. ', '1799.999', '09', '003', 0),
('090', 'ALLIANCE OR 750 BLANC', 'Jeu de nuances et de reliefs, cette alliance vous offre un dialogue tout en lumière entre 2 ors.', '1299.999', '09', '003', 0);

-- --------------------------------------------------------

--
-- Table structure for table `client`
--

CREATE TABLE IF NOT EXISTS `client` (
  `email_clt` varchar(30) NOT NULL,
  `nom_clt` varchar(30) NOT NULL,
  `prenom_clt` varchar(30) NOT NULL,
  `mdp_clt` varchar(30) NOT NULL,
  PRIMARY KEY (`email_clt`)
) ENGINE=InnoDB DEFAULT CHARSET=latin1;

--
-- Dumping data for table `client`
--


-- --------------------------------------------------------

--
-- Table structure for table `commande`
--

CREATE TABLE IF NOT EXISTS `commande` (
  `id_cmd` varchar(30) NOT NULL,
  `email_clt` varchar(30) NOT NULL,
  `date_cmd` varchar(30) NOT NULL,
  `tel_contact_cmd` varchar(30) NOT NULL,
  `adresslivrison_cmd` varchar(250) NOT NULL,
  `montant_cmd` varchar(30) NOT NULL,
  `etats` varchar(30) NOT NULL,
  PRIMARY KEY (`id_cmd`),
  KEY `email_clt` (`email_clt`)
) ENGINE=InnoDB DEFAULT CHARSET=latin1;

--
-- Dumping data for table `commande`
--


-- --------------------------------------------------------

--
-- Table structure for table `commande_article`
--

CREATE TABLE IF NOT EXISTS `commande_article` (
  `id_cmd` varchar(30) NOT NULL,
  `code_art` varchar(10) NOT NULL,
  KEY `id_cmd` (`id_cmd`),
  KEY `code_art` (`code_art`)
) ENGINE=InnoDB DEFAULT CHARSET=latin1;

--
-- Dumping data for table `commande_article`
--


-- --------------------------------------------------------

--
-- Table structure for table `contacteznous`
--

CREATE TABLE IF NOT EXISTS `contacteznous` (
  `id_cn` int(11) NOT NULL AUTO_INCREMENT,
  `email_cn` varchar(30) NOT NULL,
  `sujet_cn` varchar(150) NOT NULL,
  `message_cn` varchar(5000) NOT NULL,
  `date_cn` varchar(20) NOT NULL,
  `lu_cn` tinyint(1) NOT NULL,
  `repondu_cn` tinyint(1) NOT NULL,
  PRIMARY KEY (`id_cn`)
) ENGINE=InnoDB  DEFAULT CHARSET=latin1 AUTO_INCREMENT=6 ;

--
-- Dumping data for table `contacteznous`
--


-- --------------------------------------------------------

--
-- Table structure for table `famill_article`
--

CREATE TABLE IF NOT EXISTS `famill_article` (
  `code_famill_art` varchar(50) NOT NULL,
  `nom_famill_art` varchar(100) NOT NULL,
  PRIMARY KEY (`code_famill_art`)
) ENGINE=InnoDB DEFAULT CHARSET=latin1;

--
-- Dumping data for table `famill_article`
--

INSERT INTO `famill_article` (`code_famill_art`, `nom_famill_art`) VALUES
('001', 'Accessoires'),
('002', 'Femme'),
('003', 'Hommes'),
('004', 'Enfants & Ado');

-- --------------------------------------------------------

--
-- Table structure for table `info`
--

CREATE TABLE IF NOT EXISTS `info` (
  `id` int(11) NOT NULL,
  `nom_du_site` varchar(30) NOT NULL,
  `page_facebook` varchar(250) NOT NULL,
  `page_tweeter` varchar(100) NOT NULL,
  `page_youtube` varchar(100) NOT NULL,
  `description` varchar(1000) NOT NULL,
  `adresse` varchar(100) NOT NULL,
  `tel` varchar(100) NOT NULL,
  `text_recherche` varchar(300) NOT NULL,
  `m_recherche` tinyint(1) NOT NULL,
  `m_newsletter` tinyint(1) NOT NULL,
  `m_facebook` tinyint(1) NOT NULL,
  `m_tweeter` tinyint(1) NOT NULL,
  `m_youtube` tinyint(1) NOT NULL,
  `x_gmaps` double NOT NULL,
  `y_gmaps` double NOT NULL
) ENGINE=InnoDB DEFAULT CHARSET=latin1;

--
-- Dumping data for table `info`
--

INSERT INTO `info` (`id`, `nom_du_site`, `page_facebook`, `page_tweeter`, `page_youtube`, `description`, `adresse`, `tel`, `text_recherche`, `m_recherche`, `m_newsletter`, `m_facebook`, `m_tweeter`, `m_youtube`, `x_gmaps`, `y_gmaps`) VALUES
(1, 'Luxe', 'https://www.facebook.com/guidebijouxx', '#', '#', 'Guide Bijoux vous invite à découvrir sa bijouterie en ligne spécialisée dans les bijoux et montres pour femme, homme et enfant. Notre bijouterie en ligne ne propose que des bijoux d''excellence sélectionnés parmi les marques les plus prestigieuses que l''on ne présente plus. Parce qu''il existe un bijou pour tous les membres de la famille.<br>La bijouterie en ligne Le bon choix vous offre également de nombreux conseils pour bien choisir vos bijoux pour tous les événements de la vie : mariage, fiançailles, fêtes de Noël ou simple cadeau. <br>Tous nos clients bénéficient d''une garantie satisfait ou remboursé" afin d''acheter en toute sérénité.', '23 Rue de Carthage', '00 216 22 805 020/00 216 20 666 996', 'nomdusite@mail.com', 1, 1, 1, 1, 1, 36.81592, 10.177149);

-- --------------------------------------------------------

--
-- Table structure for table `jquery`
--

CREATE TABLE IF NOT EXISTS `jquery` (
  `id_jqy` int(11) NOT NULL,
  `titre_jqy` varchar(300) NOT NULL,
  `text_jqy` varchar(300) NOT NULL,
  PRIMARY KEY (`id_jqy`)
) ENGINE=InnoDB DEFAULT CHARSET=latin1;

--
-- Dumping data for table `jquery`
--

INSERT INTO `jquery` (`id_jqy`, `titre_jqy`, `text_jqy`) VALUES
(1, 'Ventes Flash', 'De -40% à -60% de remise'),
(2, 'Créez votre bracelet', 'Une offre de guide bijoux'),
(3, 'Fête des pères', 'Fête des pères'),
(4, 'BONNE FETE', 'Fête des maman'),
(5, 'Profiter de -20% de remise', 'Des remise allant jus''qua -20%');

-- --------------------------------------------------------

--
-- Table structure for table `newsletter`
--

CREATE TABLE IF NOT EXISTS `newsletter` (
  `email_nl` varchar(100) NOT NULL,
  `date_inscrip_nl` varchar(30) NOT NULL,
  PRIMARY KEY (`email_nl`)
) ENGINE=InnoDB DEFAULT CHARSET=latin1;

--
-- Dumping data for table `newsletter`
--


-- --------------------------------------------------------

--
-- Table structure for table `sous_famill_article`
--

CREATE TABLE IF NOT EXISTS `sous_famill_article` (
  `code_sous_famill_art` varchar(10) NOT NULL,
  `nom_sous_famill_art` varchar(50) NOT NULL,
  `code_famill_art` varchar(10) NOT NULL,
  PRIMARY KEY (`code_sous_famill_art`),
  KEY `code_famill_art` (`code_famill_art`)
) ENGINE=InnoDB DEFAULT CHARSET=latin1;

--
-- Dumping data for table `sous_famill_article`
--

INSERT INTO `sous_famill_article` (`code_sous_famill_art`, `nom_sous_famill_art`, `code_famill_art`) VALUES
('01', 'Alliances', '002'),
('010', 'Bagues ', '003'),
('011', 'Braclets', '003'),
('012', 'Gourmettes', '003'),
('013', 'Pendentifs', '003'),
('014', 'Montres', '003'),
('015', 'Gourmettes', '004'),
('016', 'Pendentifs', '004'),
('017', 'Braclets', '004'),
('018', 'Boucles d''oreilles', '004'),
('019', 'Bagues', '004'),
('02', 'Bagues', '002'),
('020', 'Colliers', '004'),
('021', 'Montres', '004'),
('022', 'Cadeaux de naissance', '004'),
('023', 'Hommes', '001'),
('024', 'Femmes', '001'),
('03', 'Boucles d''oreilles', '002'),
('04', 'Braclets', '002'),
('05', 'Chaines', '002'),
('06', 'Colliers & Sautoirs', '002'),
('07', 'Pendentifs', '002'),
('08', 'Montres', '002'),
('09', 'Alliances', '003');

--
-- Constraints for dumped tables
--

--
-- Constraints for table `article`
--
ALTER TABLE `article`
  ADD CONSTRAINT `article_ibfk_1` FOREIGN KEY (`code_sous_famill_art`) REFERENCES `sous_famill_article` (`code_sous_famill_art`),
  ADD CONSTRAINT `article_ibfk_2` FOREIGN KEY (`code_famill_art`) REFERENCES `sous_famill_article` (`code_famill_art`);

--
-- Constraints for table `commande`
--
ALTER TABLE `commande`
  ADD CONSTRAINT `commande_ibfk_1` FOREIGN KEY (`email_clt`) REFERENCES `client` (`email_clt`);

--
-- Constraints for table `commande_article`
--
ALTER TABLE `commande_article`
  ADD CONSTRAINT `commande_article_ibfk_1` FOREIGN KEY (`id_cmd`) REFERENCES `commande` (`id_cmd`),
  ADD CONSTRAINT `commande_article_ibfk_2` FOREIGN KEY (`code_art`) REFERENCES `article` (`code_art`);

--
-- Constraints for table `sous_famill_article`
--
ALTER TABLE `sous_famill_article`
  ADD CONSTRAINT `sous_famill_article_ibfk_5` FOREIGN KEY (`code_famill_art`) REFERENCES `famill_article` (`code_famill_art`);
